,hexsha,commit_date,committer,author,change_summary
0,81638ed3c179dbb2e2e5578df97902a8afdfcf48,2023-01-24T10:42:50,-4751162634521490753,4118407414883460808,"{'LICENSE': {'change_type': 'A', 'insertions': '201', 'deletions': '0'}, 'README.md': {'change_type': 'A', 'insertions': '2', 'deletions': '0'}}"
1,37b1b3ed2562cbc516e7c5b3e6b0bd79a6a7dc98,2023-01-24T10:43:12,-4751162634521490753,4118407414883460808,"{'README.md': {'change_type': 'M', 'insertions': '3', 'deletions': '0'}}"
2,d77abc2bccf273685495f57ff5eba1c5c0584093,2023-01-24T10:46:33,4118407414883460808,4118407414883460808,"{'.gitignore': {'change_type': 'A', 'insertions': '129', 'deletions': '0'}, 'app.py': {'change_type': 'A', 'insertions': '106', 'deletions': '0'}, 'docs/nft_market.md': {'change_type': 'A', 'insertions': '119', 'deletions': '0'}, 'docs/research.md': {'change_type': 'A', 'insertions': '31', 'deletions': '0'}, 'get-pip.py': {'change_type': 'A', 'insertions': '32207', 'deletions': '0'}, 'requirements.txt': {'change_type': 'A', 'insertions': '4', 'deletions': '0'}, 'resdb_driver/__init__.py': {'change_type': 'A', 'insertions': '1', 'deletions': '0'}, 'resdb_driver/connection.py': {'change_type': 'A', 'insertions': '134', 'deletions': '0'}, 'resdb_driver/crypto.py': {'change_type': 'A', 'insertions': '25', 'deletions': '0'}, 'resdb_driver/driver.py': {'change_type': 'A', 'insertions': '563', 'deletions': '0'}, 'resdb_driver/driver_experiment.py': {'change_type': 'A', 'insertions': '274', 'deletions': '0'}, 'resdb_driver/exceptions.py': {'change_type': 'A', 'insertions': '181', 'deletions': '0'}, 'resdb_driver/offchain.py': {'change_type': 'A', 'insertions': '346', 'deletions': '0'}, 'resdb_driver/pool.py': {'change_type': 'A', 'insertions': '64', 'deletions': '0'}, 'resdb_driver/transaction.py': {'change_type': 'A', 'insertions': '1272', 'deletions': '0'}, 'resdb_driver/transport.py': {'change_type': 'A', 'insertions': '89', 'deletions': '0'}, 'resdb_driver/utils.py': {'change_type': 'A', 'insertions': '125', 'deletions': '0'}, 'resdb_driver/validate.py': {'change_type': 'A', 'insertions': '72', 'deletions': '0'}, 'test_driver.py': {'change_type': 'A', 'insertions': '79', 'deletions': '0'}}"
3,ce27fcf94c61b6662d58b569fe22863736e9c79a,2023-02-02T19:34:51,4118407414883460808,4118407414883460808,"{'requirements.txt': {'change_type': 'M', 'insertions': '78', 'deletions': '1'}}"
4,4c3d96f3ced07ccb6b436c6d9a60ba76a1fd78a2,2023-02-06T10:00:26,-5597598265979400205,-5597598265979400205,"{'README.md': {'change_type': 'M', 'insertions': '58', 'deletions': '0'}}"
5,c7b68afc4752fa6b05a6613940185518d8be7b15,2023-04-13T03:41:15,4303869911541892780,4303869911541892780,"{'README.md': {'change_type': 'M', 'insertions': '80', 'deletions': '1'}}"
6,352eadc43b40ec4a7c35eec119444febb14758e4,2023-04-13T03:48:27,-4751162634521490753,8644458921517799556,"{'README.md': {'change_type': 'M', 'insertions': '2', 'deletions': '2'}}"
7,ebc4586b7c71ee30864e24eacb7b4a1ef3ec0005,2023-07-25T04:51:42,4118407414883460808,4118407414883460808,"{'app.py': {'change_type': 'M', 'insertions': '56', 'deletions': '1'}, 'filter.py': {'change_type': 'A', 'insertions': '54', 'deletions': '0'}}"
8,6d43d2f6ec082bcd6e407089fba7a39fcc225e39,2023-07-25T05:04:02,4118407414883460808,4118407414883460808,"{'requirements.txt': {'change_type': 'M', 'insertions': '30', 'deletions': '61'}}"
9,eea8c96d94e49ca5c04d115a379529c959a95849,2023-07-25T16:42:35,4118407414883460808,4118407414883460808,"{'app.py': {'change_type': 'M', 'insertions': '0', 'deletions': '1'}, 'filter.py': {'change_type': 'M', 'insertions': '7', 'deletions': '1'}}"
10,bfa7a8610d14ff70f870636e0cd76e0fca98c767,2023-07-25T16:50:37,4118407414883460808,4118407414883460808,"{'filter.py': {'change_type': 'M', 'insertions': '1', 'deletions': '3'}}"
11,aefd8838b683a10553a118e0c4458dac3c6829c3,2023-08-17T15:46:45,4118407414883460808,4118407414883460808,"{'app.py': {'change_type': 'M', 'insertions': '46', 'deletions': '25'}}"
12,b902341711b21314c882d9ae09d5a7598677871f,2023-09-12T01:33:49,4118407414883460808,4118407414883460808,"{'app.py': {'change_type': 'M', 'insertions': '2', 'deletions': '0'}}"
13,014ce4405554c6bd2fe76fadfee4a51215ea94e2,2023-09-26T20:16:15,4118407414883460808,4118407414883460808,"{'.bazelrc': {'change_type': 'A', 'insertions': '4', 'deletions': '0'}, 'CNAME': {'change_type': 'A', 'insertions': '1', 'deletions': '0'}, 'INSTALL.sh': {'change_type': 'A', 'insertions': '9', 'deletions': '0'}, 'WORKSPACE': {'change_type': 'A', 'insertions': '197', 'deletions': '0'}, 'docs/doxygen/.gitignore': {'change_type': 'A', 'insertions': '2', 'deletions': '0'}, 'docs/doxygen/Doxyfile': {'change_type': 'A', 'insertions': '2780', 'deletions': '0'}, 'docs/doxygen/DoxygenLayout.xml': {'change_type': 'A', 'insertions': '241', 'deletions': '0'}, 'docs/doxygen/logo.png': {'change_type': 'A', 'insertions': '-', 'deletions': '-'}, 'resdb_driver/connection.py': {'change_type': 'M', 'insertions': '33', 'deletions': '34'}, 'resdb_driver/crypto.py': {'change_type': 'M', 'insertions': '13', 'deletions': '6'}, 'resdb_driver/driver.py': {'change_type': 'M', 'insertions': '163', 'deletions': '201'}, 'resdb_driver/offchain.py': {'change_type': 'M', 'insertions': '46', 'deletions': '57'}, 'resdb_driver/pool.py': {'change_type': 'M', 'insertions': '17', 'deletions': '21'}, 'resdb_driver/transaction.py': {'change_type': 'M', 'insertions': '224', 'deletions': '239'}, 'resdb_driver/transport.py': {'change_type': 'M', 'insertions': '18', 'deletions': '17'}, 'resdb_driver/utils.py': {'change_type': 'M', 'insertions': '17', 'deletions': '21'}, 'resdb_driver/validate.py': {'change_type': 'M', 'insertions': '11', 'deletions': '11'}, 'service/http_server/BUILD': {'change_type': 'A', 'insertions': '45', 'deletions': '0'}, 'service/http_server/crow_service.cpp': {'change_type': 'A', 'insertions': '432', 'deletions': '0'}, 'service/http_server/crow_service.h': {'change_type': 'A', 'insertions': '58', 'deletions': '0'}, 'service/http_server/crow_service_main.cpp': {'change_type': 'A', 'insertions': '45', 'deletions': '0'}, 'service/http_server/crow_service_test.cpp': {'change_type': 'A', 'insertions': '102', 'deletions': '0'}, 'service/http_server/example/BUILD': {'change_type': 'A', 'insertions': '15', 'deletions': '0'}, 'service/http_server/example/crow_example.cpp': {'change_type': 'A', 'insertions': '50', 'deletions': '0'}, 'service/http_server/example/pistache_example.cpp': {'change_type': 'A', 'insertions': '47', 'deletions': '0'}, 'service/http_server/sdk_transaction.cpp': {'change_type': 'A', 'insertions': '45', 'deletions': '0'}, 'service/http_server/sdk_transaction.h': {'change_type': 'A', 'insertions': '38', 'deletions': '0'}, 'service/http_server/server_config.config': {'change_type': 'A', 'insertions': '1', 'deletions': '0'}, 'service/kv_service/BUILD': {'change_type': 'A', 'insertions': '58', 'deletions': '0'}, 'service/kv_service/README.md': {'change_type': 'A', 'insertions': '3', 'deletions': '0'}, 'service/kv_service/kv_server.cpp': {'change_type': 'A', 'insertions': '87', 'deletions': '0'}, 'service/kv_service/kv_service_tools.cpp': {'change_type': 'A', 'insertions': '97', 'deletions': '0'}, 'service/kv_service/kv_service_transaction_manager.cpp': {'change_type': 'A', 'insertions': '101', 'deletions': '0'}, 'service/kv_service/kv_service_transaction_manager.h': {'change_type': 'A', 'insertions': '58', 'deletions': '0'}, 'service/kv_service/proto/BUILD': {'change_type': 'A', 'insertions': '14', 'deletions': '0'}, 'service/kv_service/proto/kv_server.proto': {'change_type': 'A', 'insertions': '22', 'deletions': '0'}, 'service/kv_service/py_verificator.cpp': {'change_type': 'A', 'insertions': '104', 'deletions': '0'}, 'service/kv_service/py_verificator.h': {'change_type': 'A', 'insertions': '40', 'deletions': '0'}, 'service/kv_service/resdb_kv_client.cpp': {'change_type': 'A', 'insertions': '85', 'deletions': '0'}, 'service/kv_service/resdb_kv_client.h': {'change_type': 'A', 'insertions': '44', 'deletions': '0'}, 'service/pybind_sample/BUILD': {'change_type': 'A', 'insertions': '10', 'deletions': '0'}, 'service/pybind_sample/README.md': {'change_type': 'A', 'insertions': '21', 'deletions': '0'}, 'service/pybind_sample/client.cpp': {'change_type': 'A', 'insertions': '66', 'deletions': '0'}, 'service/pybind_sample/endpoint_test.py': {'change_type': 'A', 'insertions': '9', 'deletions': '0'}, 'service/pybind_sample/print_sample.py': {'change_type': 'A', 'insertions': '1', 'deletions': '0'}, 'service/pybind_sample/validator_example.py': {'change_type': 'A', 'insertions': '41', 'deletions': '0'}, 'service/sdk_validator/LICENSE': {'change_type': 'A', 'insertions': '21', 'deletions': '0'}, 'service/sdk_validator/README.md': {'change_type': 'A', 'insertions': '41', 'deletions': '0'}, 'service/sdk_validator/docs/nft_market.md': {'change_type': 'A', 'insertions': '119', 'deletions': '0'}, 'service/sdk_validator/docs/research.md': {'change_type': 'A', 'insertions': '31', 'deletions': '0'}, 'service/sdk_validator/requirements.txt': {'change_type': 'A', 'insertions': '4', 'deletions': '0'}, 'service/sdk_validator/resdb_validator/__init__.py': {'change_type': 'A', 'insertions': '5', 'deletions': '0'}, 'service/sdk_validator/resdb_validator/crypto.py': {'change_type': 'A', 'insertions': '51', 'deletions': '0'}, 'service/sdk_validator/resdb_validator/exceptions.py': {'change_type': 'A', 'insertions': '112', 'deletions': '0'}, 'service/sdk_validator/resdb_validator/lib.py': {'change_type': 'A', 'insertions': '481', 'deletions': '0'}, 'service/sdk_validator/resdb_validator/memoize.py': {'change_type': 'A', 'insertions': '58', 'deletions': '0'}, 'service/sdk_validator/resdb_validator/models.py': {'change_type': 'A', 'insertions': '69', 'deletions': '0'}, 'service/sdk_validator/resdb_validator/transaction.py': {'change_type': 'A', 'insertions': '1326', 'deletions': '0'}, 'service/sdk_validator/resdb_validator/utils.py': {'change_type': 'A', 'insertions': '161', 'deletions': '0'}, 'service/sdk_validator/validator.py': {'change_type': 'A', 'insertions': '36', 'deletions': '0'}, 'service/tools/config/interface/service.config': {'change_type': 'A', 'insertions': '3', 'deletions': '0'}, 'service/tools/config/interface/service0.config': {'change_type': 'A', 'insertions': '3', 'deletions': '0'}, 'service/tools/config/server/server.config': {'change_type': 'A', 'insertions': '42', 'deletions': '0'}, 'service/tools/config/server/utxo_config.config': {'change_type': 'A', 'insertions': '12', 'deletions': '0'}, 'service/tools/data/cert/admin.key.pri': {'change_type': 'A', 'insertions': '2', 'deletions': '0'}, 'service/tools/data/cert/admin.key.pub': {'change_type': 'A', 'insertions': '2', 'deletions': '0'}, 'service/tools/data/cert/cert_1.cert': {'change_type': 'A', 'insertions': '-', 'deletions': '-'}, 'service/tools/data/cert/cert_2.cert': {'change_type': 'A', 'insertions': '7', 'deletions': '0'}, 'service/tools/data/cert/cert_3.cert': {'change_type': 'A', 'insertions': '7', 'deletions': '0'}, 'service/tools/data/cert/cert_4.cert': {'change_type': 'A', 'insertions': '6', 'deletions': '0'}, 'service/tools/data/cert/cert_5.cert': {'change_type': 'A', 'insertions': '8', 'deletions': '0'}, 'service/tools/data/cert/cert_6.cert': {'change_type': 'A', 'insertions': '-', 'deletions': '-'}, 'service/tools/data/cert/cert_7.cert': {'change_type': 'A', 'insertions': '6', 'deletions': '0'}, 'service/tools/data/cert/cert_8.cert': {'change_type': 'A', 'insertions': '-', 'deletions': '-'}, 'service/tools/data/cert/cert_9.cert': {'change_type': 'A', 'insertions': '7', 'deletions': '0'}, 'service/tools/data/cert/node1.key.pri': {'change_type': 'A', 'insertions': '2', 'deletions': '0'}, 'service/tools/data/cert/node1.key.pub': {'change_type': 'A', 'insertions': '3', 'deletions': '0'}, 'service/tools/data/cert/node2.key.pri': {'change_type': 'A', 'insertions': '2', 'deletions': '0'}, 'service/tools/data/cert/node2.key.pub': {'change_type': 'A', 'insertions': '2', 'deletions': '0'}, 'service/tools/data/cert/node3.key.pri': {'change_type': 'A', 'insertions': '-', 'deletions': '-'}, 'service/tools/data/cert/node3.key.pub': {'change_type': 'A', 'insertions': '3', 'deletions': '0'}, 'service/tools/data/cert/node4.key.pri': {'change_type': 'A', 'insertions': '-', 'deletions': '-'}, 'service/tools/data/cert/node4.key.pub': {'change_type': 'A', 'insertions': '2', 'deletions': '0'}, 'service/tools/data/cert/node5.key.pri': {'change_type': 'A', 'insertions': '2', 'deletions': '0'}, 'service/tools/data/cert/node5.key.pub': {'change_type': 'A', 'insertions': '3', 'deletions': '0'}, 'service/tools/data/cert/node6.key.key.pri': {'change_type': 'A', 'insertions': '2', 'deletions': '0'}, 'service/tools/data/cert/node6.key.key.pub': {'change_type': 'A', 'insertions': '2', 'deletions': '0'}, 'service/tools/data/cert/node6.key.pri': {'change_type': 'A', 'insertions': '2', 'deletions': '0'}, 'service/tools/data/cert/node6.key.pub': {'change_type': 'A', 'insertions': '2', 'deletions': '0'}, 'service/tools/data/cert/node7.key.key.pri': {'change_type': 'A', 'insertions': '2', 'deletions': '0'}, 'service/tools/data/cert/node7.key.key.pub': {'change_type': 'A', 'insertions': '2', 'deletions': '0'}, 'service/tools/data/cert/node7.key.pri': {'change_type': 'A', 'insertions': '2', 'deletions': '0'}, 'service/tools/data/cert/node7.key.pub': {'change_type': 'A', 'insertions': '2', 'deletions': '0'}, 'service/tools/data/cert/node8.key.key.pri': {'change_type': 'A', 'insertions': '2', 'deletions': '0'}, 'service/tools/data/cert/node8.key.key.pub': {'change_type': 'A', 'insertions': '2', 'deletions': '0'}, 'service/tools/data/cert/node8.key.pri': {'change_type': 'A', 'insertions': '2', 'deletions': '0'}, 'service/tools/data/cert/node8.key.pub': {'change_type': 'A', 'insertions': '2', 'deletions': '0'}, 'service/tools/data/cert/node9.key.key.pri': {'change_type': 'A', 'insertions': '2', 'deletions': '0'}, 'service/tools/data/cert/node9.key.key.pub': {'change_type': 'A', 'insertions': '2', 'deletions': '0'}, 'service/tools/data/cert/node9.key.pri': {'change_type': 'A', 'insertions': '2', 'deletions': '0'}, 'service/tools/data/cert/node9.key.pub': {'change_type': 'A', 'insertions': '2', 'deletions': '0'}, 'service/tools/start_kv_service_sdk.sh': {'change_type': 'A', 'insertions': '14', 'deletions': '0'}, 'test_driver.py': {'change_type': 'M', 'insertions': '2', 'deletions': '1'}, 'test_update_metadata.py': {'change_type': 'A', 'insertions': '126', 'deletions': '0'}, 'third_party/BUILD': {'change_type': 'A', 'insertions': '20', 'deletions': '0'}, 'third_party/asio.BUILD': {'change_type': 'A', 'insertions': '19', 'deletions': '0'}, 'third_party/crow.BUILD': {'change_type': 'A', 'insertions': '19', 'deletions': '0'}, 'third_party/rapidjson.BUILD': {'change_type': 'A', 'insertions': '8', 'deletions': '0'}}"
14,fa31de0a6e8974e633d46fd3409f4e815b19ff24,2023-10-02T20:30:34,6567148346382501966,6567148346382501966,"{'README.md': {'change_type': 'M', 'insertions': '52', 'deletions': '12'}, 'test_driver.py': {'change_type': 'D', 'insertions': '0', 'deletions': '80'}, 'test_sdk.py': {'change_type': 'A', 'insertions': '88', 'deletions': '0'}}"
15,ff0b9f1ba7f35ef5f0a2fb5396aee65f82ba81a1,2023-10-02T23:54:31,-4751162634521490753,4118407414883460808,"{'README.md': {'change_type': 'M', 'insertions': '52', 'deletions': '12'}, 'test_driver.py': {'change_type': 'D', 'insertions': '0', 'deletions': '80'}, 'test_sdk.py': {'change_type': 'A', 'insertions': '88', 'deletions': '0'}}"
16,08abd6bf39fb62031e887e810ec16bc2dc515cdb,2023-10-03T06:23:33,-4751162634521490753,4118407414883460808,"{'README.md': {'change_type': 'M', 'insertions': '3', 'deletions': '3'}}"
17,1023e0591191c06aae1d02c4523e8abf11597860,2023-10-03T07:09:47,3025203468878508801,3025203468878508801,"{'README.md': {'change_type': 'M', 'insertions': '2', 'deletions': '6'}}"
18,be9c5655aeb56daa6211f336f192019f059c88b2,2023-10-03T08:12:12,3025203468878508801,3025203468878508801,"{'.gitignore': {'change_type': 'M', 'insertions': '1', 'deletions': '0'}}"
19,44e426b24c9b40134b43d2990c9e3536524a60e7,2023-10-03T08:18:55,3025203468878508801,3025203468878508801,"{'README.md': {'change_type': 'M', 'insertions': '34', 'deletions': '28'}}"
20,887d1a915dca52da758d73a99f18c0aca267649b,2023-10-03T08:23:08,3025203468878508801,3025203468878508801,"{'README.md': {'change_type': 'M', 'insertions': '23', 'deletions': '25'}}"
21,b417b0e8c8364aaf514ae7e8c34a9592f5b4edbe,2023-10-03T08:23:56,3025203468878508801,3025203468878508801,"{'README.md': {'change_type': 'M', 'insertions': '1', 'deletions': '1'}}"
22,268faa2b5dcfd18f2e5a367c003330a17113be86,2023-10-03T08:26:00,3025203468878508801,3025203468878508801,"{'README.md': {'change_type': 'M', 'insertions': '20', 'deletions': '20'}}"
23,6597b2acf2159cdedc6fcfb6f1825aac875b4b56,2023-10-03T08:27:24,3025203468878508801,3025203468878508801,"{'README.md': {'change_type': 'M', 'insertions': '2', 'deletions': '3'}}"
24,618e164f68f95cdde16c8867343b682e50d46199,2023-10-03T08:28:34,3025203468878508801,3025203468878508801,"{'README.md': {'change_type': 'M', 'insertions': '5', 'deletions': '10'}}"
25,c74de09d3520b7323acbaf100051ed7e67777b30,2023-10-06T00:18:31,3025203468878508801,3025203468878508801,"{'README.md': {'change_type': 'M', 'insertions': '1', 'deletions': '1'}}"
26,1645f00496e0d789d94e3dd46624c6c0bb330967,2023-10-06T23:41:30,3025203468878508801,3025203468878508801,"{'README.md': {'change_type': 'M', 'insertions': '260', 'deletions': '41'}, 'wsgi.py': {'change_type': 'A', 'insertions': '3', 'deletions': '0'}}"
27,e7426b2a763228947870a96402b1cac5d4b5bcbc,2023-10-06T23:42:16,3025203468878508801,3025203468878508801,"{'README.md': {'change_type': 'M', 'insertions': '94', 'deletions': '204'}}"
28,973d75d571bcb21748f41bb9704ce46ab80f4cff,2023-10-12T11:28:58,6429941436273867471,6429941436273867471,"{'Dockerfile': {'change_type': 'A', 'insertions': '93', 'deletions': '0'}, 'docker-compose.yml': {'change_type': 'A', 'insertions': '24', 'deletions': '0'}, 'nginx.conf': {'change_type': 'A', 'insertions': '18', 'deletions': '0'}}"
29,bd790a56239b7dbbb91a26969953aa2a4c9f2afe,2023-10-13T12:49:38,-4751162634521490753,4118407414883460808,"{'Dockerfile': {'change_type': 'A', 'insertions': '93', 'deletions': '0'}, 'docker-compose.yml': {'change_type': 'A', 'insertions': '24', 'deletions': '0'}, 'nginx.conf': {'change_type': 'A', 'insertions': '18', 'deletions': '0'}}"
30,38ea350c687c482ba3f7a835c3d3d1b48cbdfe7e,2023-10-13T15:35:28,4118407414883460808,4118407414883460808,"{'app.py': {'change_type': 'M', 'insertions': '4', 'deletions': '2'}}"
31,9f3b479a824bf345a065e603e4fb2b068da433d4,2023-11-10T02:32:05,4118407414883460808,4118407414883460808,"{'test_sdk.py': {'change_type': 'M', 'insertions': '30', 'deletions': '10'}}"
32,844103e877138cf987d928e7a8e92f0a5cd9efa8,2023-11-13T19:39:54,4118407414883460808,4118407414883460808,"{'filter.py': {'change_type': 'M', 'insertions': '4', 'deletions': '1'}}"
33,c23a89f942ca7fc7f8a5a5198409ed08d99828c5,2023-11-13T19:57:51,4118407414883460808,4118407414883460808,"{'INSTALL.sh': {'change_type': 'M', 'insertions': '1', 'deletions': '0'}, 'service/http_server/README.md': {'change_type': 'A', 'insertions': '36', 'deletions': '0'}, 'service/http_server/crow_service.cpp': {'change_type': 'M', 'insertions': '24', 'deletions': '7'}, 'service/kv_service/kv_service_tools.cpp': {'change_type': 'M', 'insertions': '6', 'deletions': '6'}, 'service/kv_service/kv_service_transaction_manager.cpp': {'change_type': 'M', 'insertions': '3', 'deletions': '3'}, 'service/kv_service/kv_service_transaction_manager.h': {'change_type': 'M', 'insertions': '1', 'deletions': '1'}, 'service/kv_service/proto/kv_server.proto': {'change_type': 'M', 'insertions': '1', 'deletions': '1'}, 'service/kv_service/resdb_kv_client.cpp': {'change_type': 'M', 'insertions': '2', 'deletions': '2'}, 'service/kv_service/resdb_kv_client.h': {'change_type': 'M', 'insertions': '1', 'deletions': '1'}, 'service/tools/config/server/server.config': {'change_type': 'M', 'insertions': '0', 'deletions': '2'}, 'test_driver.py': {'change_type': 'A', 'insertions': '80', 'deletions': '0'}, 'test_driver_2.py': {'change_type': 'A', 'insertions': '81', 'deletions': '0'}, 'test_sdk.py': {'change_type': 'M', 'insertions': '21', 'deletions': '48'}}"
34,9005848039685820eee5cf7713c218787bba725f,2023-11-16T08:01:59,4118407414883460808,4118407414883460808,"{'app.py': {'change_type': 'M', 'insertions': '15', 'deletions': '12'}}"
35,0ed31c0ada27a7a248e1bf9ed07ad3ff50187a8f,2023-11-16T08:06:14,4118407414883460808,4118407414883460808,"{'app.py': {'change_type': 'M', 'insertions': '1', 'deletions': '1'}}"
36,a42172f72168df8f9fbb191d52e4637d0d4c5eee,2023-11-16T08:24:36,4118407414883460808,4118407414883460808,"{'Dockerfile': {'change_type': 'M', 'insertions': '46', 'deletions': '93'}, 'docs/doxygen/Doxyfile': {'change_type': 'M', 'insertions': '2', 'deletions': '2'}, 'docs/doxygen/header': {'change_type': 'A', 'insertions': '60', 'deletions': '0'}, 'docs/doxygen/logo.png': {'change_type': 'M', 'insertions': '-', 'deletions': '-'}, 'entrypoint.sh': {'change_type': 'A', 'insertions': '4', 'deletions': '0'}, 'service/http_server/crow_service.cpp': {'change_type': 'M', 'insertions': '6', 'deletions': '7'}}"
37,c2407a87af1424f884ea4e88e2adab90cadd732c,2023-11-20T05:04:02,4118407414883460808,4118407414883460808,"{'filter.py': {'change_type': 'M', 'insertions': '19', 'deletions': '7'}}"
38,2b1801523547eb17338b2b9562acb4948524249b,2023-12-01T23:02:51,-1701754932737765313,-1701754932737765313,"{'WORKSPACE': {'change_type': 'M', 'insertions': '28', 'deletions': '1'}, 'filter.py': {'change_type': 'M', 'insertions': '19', 'deletions': '1'}, 'resdb_driver/connection.py': {'change_type': 'M', 'insertions': '19', 'deletions': '0'}, 'resdb_driver/crypto.py': {'change_type': 'M', 'insertions': '19', 'deletions': '0'}, 'resdb_driver/driver.py': {'change_type': 'M', 'insertions': '19', 'deletions': '0'}, 'resdb_driver/driver_experiment.py': {'change_type': 'M', 'insertions': '19', 'deletions': '0'}, 'resdb_driver/exceptions.py': {'change_type': 'M', 'insertions': '18', 'deletions': '0'}, 'resdb_driver/offchain.py': {'change_type': 'M', 'insertions': '18', 'deletions': '0'}, 'resdb_driver/pool.py': {'change_type': 'M', 'insertions': '18', 'deletions': '0'}, 'resdb_driver/transaction.py': {'change_type': 'M', 'insertions': '18', 'deletions': '0'}, 'resdb_driver/transport.py': {'change_type': 'M', 'insertions': '18', 'deletions': '0'}, 'resdb_driver/utils.py': {'change_type': 'M', 'insertions': '18', 'deletions': '0'}, 'resdb_driver/validate.py': {'change_type': 'M', 'insertions': '18', 'deletions': '0'}, 'service/http_server/BUILD': {'change_type': 'M', 'insertions': '4', 'deletions': '4'}, 'service/http_server/crow_service.cpp': {'change_type': 'M', 'insertions': '142', 'deletions': '128'}, 'service/http_server/crow_service.h': {'change_type': 'M', 'insertions': '20', 'deletions': '26'}, 'service/http_server/crow_service_main.cpp': {'change_type': 'M', 'insertions': '16', 'deletions': '22'}, 'service/http_server/crow_service_test.cpp': {'change_type': 'M', 'insertions': '19', 'deletions': '25'}, 'service/http_server/example/crow_example.cpp': {'change_type': 'M', 'insertions': '15', 'deletions': '21'}, 'service/http_server/example/pistache_example.cpp': {'change_type': 'M', 'insertions': '16', 'deletions': '22'}, 'service/http_server/sdk_transaction.cpp': {'change_type': 'M', 'insertions': '15', 'deletions': '21'}, 'service/http_server/sdk_transaction.h': {'change_type': 'M', 'insertions': '15', 'deletions': '21'}, 'service/kv_service/BUILD': {'change_type': 'M', 'insertions': '7', 'deletions': '9'}, 'service/kv_service/kv_server.cpp': {'change_type': 'M', 'insertions': '28', 'deletions': '32'}, 'service/kv_service/kv_service_tools.cpp': {'change_type': 'M', 'insertions': '17', 'deletions': '24'}, 'service/kv_service/kv_service_transaction_manager.cpp': {'change_type': 'M', 'insertions': '27', 'deletions': '32'}, 'service/kv_service/kv_service_transaction_manager.h': {'change_type': 'M', 'insertions': '24', 'deletions': '30'}, 'service/kv_service/py_verificator.cpp': {'change_type': 'M', 'insertions': '16', 'deletions': '22'}, 'service/kv_service/py_verificator.h': {'change_type': 'M', 'insertions': '17', 'deletions': '23'}, 'service/kv_service/resdb_kv_client.cpp': {'change_type': 'M', 'insertions': '21', 'deletions': '26'}, 'service/kv_service/resdb_kv_client.h': {'change_type': 'M', 'insertions': '21', 'deletions': '27'}, 'service/pybind_sample/client.cpp': {'change_type': 'M', 'insertions': '26', 'deletions': '6'}, 'service/pybind_sample/validator_example.py': {'change_type': 'M', 'insertions': '19', 'deletions': '0'}, 'service/sdk_validator/resdb_validator/crypto.py': {'change_type': 'M', 'insertions': '17', 'deletions': '0'}, 'service/sdk_validator/resdb_validator/exceptions.py': {'change_type': 'M', 'insertions': '19', 'deletions': '0'}, 'service/sdk_validator/resdb_validator/memoize.py': {'change_type': 'M', 'insertions': '18', 'deletions': '0'}, 'service/sdk_validator/resdb_validator/models.py': {'change_type': 'M', 'insertions': '18', 'deletions': '0'}, 'service/sdk_validator/resdb_validator/transaction.py': {'change_type': 'M', 'insertions': '18', 'deletions': '0'}, 'service/sdk_validator/resdb_validator/utils.py': {'change_type': 'M', 'insertions': '19', 'deletions': '0'}, 'service/sdk_validator/validator.py': {'change_type': 'M', 'insertions': '19', 'deletions': '0'}, 'third_party/BUILD': {'change_type': 'M', 'insertions': '0', 'deletions': '3'}}"
39,f7b0238046ca8802183ff17d00f44cc371b7bc7c,2023-12-01T23:14:55,-1701754932737765313,-1701754932737765313,"{'NOTICE': {'change_type': 'A', 'insertions': '5', 'deletions': '0'}}"
40,7e623f799cbac67aeae8e8c0e5d0f0de89242ba7,2023-12-04T04:23:35,4118407414883460808,4118407414883460808,"{'service/http_server/crow_service.cpp': {'change_type': 'M', 'insertions': '6', 'deletions': '6'}, 'service/http_server/crow_service.h': {'change_type': 'M', 'insertions': '2', 'deletions': '2'}}"
41,bce12b4decb75efc203885a034bb329fe2fad915,2023-12-23T02:22:47,4118407414883460808,4118407414883460808,"{'resdb_driver/connection.py': {'change_type': 'M', 'insertions': '0', 'deletions': '1'}, 'resdb_driver/driver.py': {'change_type': 'M', 'insertions': '0', 'deletions': '1'}, 'resdb_driver/driver_experiment.py': {'change_type': 'M', 'insertions': '0', 'deletions': '1'}, 'resdb_driver/transport.py': {'change_type': 'M', 'insertions': '0', 'deletions': '1'}, 'service/http_server/BUILD': {'change_type': 'M', 'insertions': '0', 'deletions': '10'}, 'service/http_server/crow_service.cpp': {'change_type': 'M', 'insertions': '121', 'deletions': '67'}, 'service/http_server/crow_service.h': {'change_type': 'M', 'insertions': '9', 'deletions': '5'}, 'service/http_server/crow_service_main.cpp': {'change_type': 'M', 'insertions': '3', 'deletions': '3'}, 'service/http_server/server_config.config': {'change_type': 'M', 'insertions': '4', 'deletions': '1'}, 'service/pybind_sample/client.cpp': {'change_type': 'M', 'insertions': '0', 'deletions': '1'}, 'service/pybind_sample/validator_example.py': {'change_type': 'M', 'insertions': '0', 'deletions': '2'}, 'service/sdk_validator/resdb_validator/crypto.py': {'change_type': 'M', 'insertions': '0', 'deletions': '1'}, 'service/sdk_validator/resdb_validator/exceptions.py': {'change_type': 'M', 'insertions': '0', 'deletions': '1'}, 'service/sdk_validator/resdb_validator/utils.py': {'change_type': 'M', 'insertions': '0', 'deletions': '1'}, 'service/sdk_validator/validator.py': {'change_type': 'M', 'insertions': '0', 'deletions': '1'}, 'service/tools/config/interface/client.config': {'change_type': 'A', 'insertions': '1', 'deletions': '0'}}"
42,710bc8d5868e803b031f2632aa80558f307e21ff,2024-01-11T21:57:04,4118407414883460808,4118407414883460808,"{'docs/doxygen/Doxyfile': {'change_type': 'M', 'insertions': '3', 'deletions': '3'}, 'docs/doxygen/doxygen_html_style.css': {'change_type': 'A', 'insertions': '4', 'deletions': '0'}, 'docs/doxygen/logo.png': {'change_type': 'M', 'insertions': '-', 'deletions': '-'}, 'service/http_server/crow_service.cpp': {'change_type': 'M', 'insertions': '35', 'deletions': '19'}, 'service/http_server/crow_service.h': {'change_type': 'M', 'insertions': '2', 'deletions': '0'}}"
43,7ae11429a4eac4fe96da3a1d4dc1d589b8247a64,2024-01-15T20:27:47,6567148346382501966,6567148346382501966,"{'WORKSPACE': {'change_type': 'M', 'insertions': '2', 'deletions': '2'}, 'service/http_server/crow_service.cpp': {'change_type': 'M', 'insertions': '31', 'deletions': '14'}, 'service/http_server/crow_service.h': {'change_type': 'M', 'insertions': '1', 'deletions': '0'}}"
44,660540f4082939a7be111ac42875740100447ac4,2024-04-14T06:41:53,6567148346382501966,6567148346382501966,"{'WORKSPACE': {'change_type': 'M', 'insertions': '2', 'deletions': '2'}}"
45,be3c9585bd678851f5a6b9a6c753f707fbf82d90,2024-04-14T09:22:59,4118407414883460808,4118407414883460808,"{'filter.py': {'change_type': 'M', 'insertions': '46', 'deletions': '33'}}"
46,88ed27d365fa25da3bbd7391dbb60808c5d2f635,2024-04-14T09:23:05,4118407414883460808,4118407414883460808,"{'WORKSPACE': {'change_type': 'M', 'insertions': '2', 'deletions': '2'}}"
47,9700ae61c03b6cf00869469915c751197c1dc33f,2024-11-15T06:07:49,6437978036616902244,6437978036616902244,"{'MODULE.bazel': {'change_type': 'A', 'insertions': '6', 'deletions': '0'}, 'MODULE.bazel.lock': {'change_type': 'A', 'insertions': '110', 'deletions': '0'}, 'app.py': {'change_type': 'M', 'insertions': '2', 'deletions': '0'}}"
48,50f2082085c0ffa72255a4663f7a194e1ad46435,2024-11-15T06:12:40,6437978036616902244,6437978036616902244,"{'.gitignore': {'change_type': 'M', 'insertions': '4', 'deletions': '1'}}"
49,ca1c2a29ac43bc0ad8a9640bd3cdd37ab2e7af33,2024-11-15T06:14:13,6437978036616902244,6437978036616902244,"{'MODULE.bazel': {'change_type': 'D', 'insertions': '0', 'deletions': '6'}, 'MODULE.bazel.lock': {'change_type': 'D', 'insertions': '0', 'deletions': '110'}}"
50,a1f27db1e42e93682ce69c5cd20a77d6c7533e31,2024-11-15T06:17:13,6437978036616902244,6437978036616902244,"{'app.py': {'change_type': 'M', 'insertions': '1', 'deletions': '1'}}"
51,e15c07ea946b16a45978ad9095f132e4d45c9396,2024-11-15T06:19:06,6437978036616902244,6437978036616902244,"{'app.py': {'change_type': 'M', 'insertions': '1', 'deletions': '1'}}"
52,125b1b4bd5699d1a92a6a209694fa45943adda32,2024-11-20T20:43:51,6437978036616902244,6437978036616902244,"{'app.py': {'change_type': 'M', 'insertions': '0', 'deletions': '95'}, 'filter.py': {'change_type': 'D', 'insertions': '0', 'deletions': '104'}}"
53,b2f33b90e2dd812266bf8df3f22d490c342eefa9,2025-02-11T04:21:56,-1782477751721641557,-1782477751721641557,"{'.github/workflows/build.yml': {'change_type': 'A', 'insertions': '53', 'deletions': '0'}, '.github/workflows/license.yml': {'change_type': 'A', 'insertions': '37', 'deletions': '0'}, '.github/workflows/loc.yml': {'change_type': 'A', 'insertions': '62', 'deletions': '0'}, 'DISCLAIMER-WIP': {'change_type': 'A', 'insertions': '22', 'deletions': '0'}, 'NOTICE': {'change_type': 'M', 'insertions': '3', 'deletions': '2'}}"
54,6692c47f5b2c1e0c5d4330069a76ea47e991846c,2025-02-11T04:23:33,-1782477751721641557,-1782477751721641557,"{'.asf.yaml': {'change_type': 'A', 'insertions': '40', 'deletions': '0'}, '.licenserc.yaml': {'change_type': 'A', 'insertions': '32', 'deletions': '0'}}"
55,7ccf66f6666e00def4fc1f72ee40805636de55ad,2025-03-03T21:44:29,-4751162634521490753,4118407414883460808,"{'Dockerfile': {'change_type': 'M', 'insertions': '21', 'deletions': '1'}}"
56,8b4e5e81751effb6f2bd7a5ab0996df539181786,2025-03-03T21:44:46,-4751162634521490753,4118407414883460808,"{'INSTALL.sh': {'change_type': 'M', 'insertions': '20', 'deletions': '0'}}"
57,92711c634e270b043f7b7a32e88d6a385cf417cc,2025-03-03T21:45:02,-4751162634521490753,4118407414883460808,"{'app.py': {'change_type': 'M', 'insertions': '20', 'deletions': '0'}}"
58,42c6c496c53858139090dc3a9e72f43eea30c2d0,2025-03-03T21:45:35,-4751162634521490753,4118407414883460808,"{'docker-compose.yml': {'change_type': 'M', 'insertions': '20', 'deletions': '0'}}"
59,0b7f3b925cc1e9c10fb25bf279aaf586d8d6697c,2025-03-03T21:47:15,-4751162634521490753,4118407414883460808,"{'docs/doxygen/.gitignore': {'change_type': 'M', 'insertions': '21', 'deletions': '1'}}"
60,0cffc1d2a4203d769e414ddc69d22adad156f501,2025-03-03T21:48:29,-4751162634521490753,4118407414883460808,"{'docs/doxygen/DoxygenLayout.xml': {'change_type': 'M', 'insertions': '23', 'deletions': '0'}}"
61,d56e909409cfc5b86ca9eaeaa22c5bd1528d9cbb,2025-03-03T21:49:02,-4751162634521490753,4118407414883460808,"{'docs/doxygen/doxygen_html_style.css': {'change_type': 'M', 'insertions': '23', 'deletions': '0'}}"
62,5a41bc5b1bc65db28f97796c3225bf90d2f5c894,2025-03-03T21:49:42,-4751162634521490753,4118407414883460808,"{'entrypoint.sh': {'change_type': 'M', 'insertions': '20', 'deletions': '0'}}"
63,e447d4e3876324c1549cb4b14684fe52326387ed,2025-03-03T22:12:09,-4751162634521490753,4118407414883460808,"{'get-pip.py': {'change_type': 'M', 'insertions': '19', 'deletions': '32207'}}"
64,02932a0768ed35a5cd85d66d1c878f43d3bea990,2025-03-03T22:12:57,-4751162634521490753,4118407414883460808,"{'requirements.txt': {'change_type': 'M', 'insertions': '21', 'deletions': '1'}}"
65,4c58c4ac3ddc93b2a3a20221a9ebd8b4cf0dc5d6,2025-03-03T23:05:30,-4751162634521490753,4118407414883460808,"{'resdb_driver/__init__.py': {'change_type': 'M', 'insertions': '20', 'deletions': '0'}}"
66,02f86c28502cd4b3ff1b851db5f060d87fa70afc,2025-03-03T23:05:56,-4751162634521490753,4118407414883460808,"{'service/http_server/BUILD': {'change_type': 'M', 'insertions': '20', 'deletions': '0'}}"
67,3290adf10907658e0903a91c7e674a705a20d532,2025-03-03T23:06:15,-4751162634521490753,4118407414883460808,"{'service/http_server/example/BUILD': {'change_type': 'M', 'insertions': '20', 'deletions': '0'}}"
68,8fefd20cd8407983be005f515f781f5287f1d770,2025-03-03T23:06:28,-4751162634521490753,4118407414883460808,"{'service/kv_service/BUILD': {'change_type': 'M', 'insertions': '20', 'deletions': '0'}}"
69,7b102eef5a5104fb34fab87813d3a74fb22dd8b0,2025-03-03T23:06:46,-4751162634521490753,4118407414883460808,"{'service/kv_service/proto/BUILD': {'change_type': 'M', 'insertions': '20', 'deletions': '0'}}"
70,26da4203c22bd2f1311a562257eccf415bffe7ed,2025-03-03T23:07:40,-4751162634521490753,4118407414883460808,"{'service/kv_service/proto/kv_server.proto': {'change_type': 'M', 'insertions': '22', 'deletions': '0'}}"
71,5bca1731868e13b1453e84b32370bae4a371a595,2025-03-03T23:08:11,-4751162634521490753,4118407414883460808,"{'service/pybind_sample/BUILD': {'change_type': 'M', 'insertions': '20', 'deletions': '0'}}"
72,d22f094e630cfc99a9aa91ff92abdcca28730811,2025-03-03T23:08:28,-4751162634521490753,4118407414883460808,"{'service/pybind_sample/endpoint_test.py': {'change_type': 'M', 'insertions': '20', 'deletions': '0'}}"
73,631731700a82045f414519ee047ef61cb3ac825c,2025-03-03T23:08:42,-4751162634521490753,4118407414883460808,"{'service/pybind_sample/print_sample.py': {'change_type': 'M', 'insertions': '20', 'deletions': '0'}}"
74,fca4251bf4806dd99a9b87a42fbb7ef55ecee70c,2025-03-03T23:09:01,-4751162634521490753,4118407414883460808,"{'service/sdk_validator/requirements.txt': {'change_type': 'M', 'insertions': '21', 'deletions': '1'}}"
75,19ad9f6f5fb1374f2323d1905dfe8354fe62d958,2025-03-03T23:09:17,-4751162634521490753,4118407414883460808,"{'service/sdk_validator/resdb_validator/__init__.py': {'change_type': 'M', 'insertions': '20', 'deletions': '0'}}"
76,7eb083ba12841159a20edb71b790e51f4cc2f017,2025-03-03T23:09:32,-4751162634521490753,4118407414883460808,"{'service/sdk_validator/resdb_validator/lib.py': {'change_type': 'M', 'insertions': '19', 'deletions': '4'}}"
77,237a822559dfea16bb8b8c2d33f8203affd91c90,2025-03-03T23:10:01,-4751162634521490753,4118407414883460808,"{'service/tools/start_kv_service_sdk.sh': {'change_type': 'M', 'insertions': '20', 'deletions': '0'}}"
78,8bcb25c0a8440d01e2545d72c03fc3b81db9fab9,2025-03-03T23:10:25,-4751162634521490753,4118407414883460808,"{'test_driver.py': {'change_type': 'M', 'insertions': '19', 'deletions': '1'}}"
79,afd10952fa9b6f17e8893f4698a354284f66dd78,2025-03-03T23:10:41,-4751162634521490753,4118407414883460808,"{'test_driver_2.py': {'change_type': 'M', 'insertions': '19', 'deletions': '1'}}"
80,2589d90ad18f0a79eb0ab2566cc2f0c58128ed37,2025-03-03T23:10:59,-4751162634521490753,4118407414883460808,"{'test_sdk.py': {'change_type': 'M', 'insertions': '20', 'deletions': '2'}}"
81,b41ad6994524b98ca418b71398b47b4ef5e2d1b2,2025-03-03T23:11:16,-4751162634521490753,4118407414883460808,"{'test_update_metadata.py': {'change_type': 'M', 'insertions': '20', 'deletions': '0'}}"
82,2451f9f129cc47857ba0a52c2020ce5629ffa3f1,2025-03-03T23:11:34,-4751162634521490753,4118407414883460808,"{'third_party/BUILD': {'change_type': 'M', 'insertions': '20', 'deletions': '0'}}"
83,7e587f8f7444526a341028b91cf80a2db077ff0b,2025-03-03T23:11:50,-4751162634521490753,4118407414883460808,"{'third_party/asio.BUILD': {'change_type': 'M', 'insertions': '20', 'deletions': '0'}}"
84,36533179b2a57750a6ae4122f57934d8d91b81de,2025-03-03T23:11:59,-4751162634521490753,4118407414883460808,"{'third_party/crow.BUILD': {'change_type': 'M', 'insertions': '20', 'deletions': '0'}}"
85,97b3a3b1d1d0dd1408dca1abd76efb693752deac,2025-03-03T23:12:11,-4751162634521490753,4118407414883460808,"{'third_party/rapidjson.BUILD': {'change_type': 'M', 'insertions': '20', 'deletions': '0'}}"
86,2519bd903742bf64938d9b4f30eb714be923a6f5,2025-03-03T23:12:29,-4751162634521490753,4118407414883460808,"{'wsgi.py': {'change_type': 'M', 'insertions': '21', 'deletions': '1'}}"
87,34f89c9d7d3ea0269f771909498153fc4bbc1d8e,2025-03-11T10:35:23,-4751162634521490753,4118407414883460808,"{'app.py': {'change_type': 'M', 'insertions': '4', 'deletions': '4'}}"
88,05ff317c2f4b7fbd210a361fae35f272d2621776,2025-03-11T10:38:21,-4751162634521490753,4118407414883460808,"{'app.py': {'change_type': 'M', 'insertions': '14', 'deletions': '3'}}"
