,key,rule,severity,component,project,hash,textRange,flows,resolution,status,message,effort,debt,author,tags,creationDate,updateDate,closeDate,type,scope,quickFixAvailable,messageFormattings,codeVariants,cleanCodeAttribute,cleanCodeAttributeCategory,impacts,issueStatus,prioritizedRule,line
0,11ad0afc-aa88-4042-af36-af0bd31aaac2,python:S1481,MINOR,apache-infrastructure-asfpy:asfpy/clitools.py,apache-infrastructure-asfpy,511d49c49d10c87f3b02702d2a506126,"{'startLine': 89, 'endLine': 89, 'startOffset': 12, 'endOffset': 18}",[],FIXED,CLOSED,"Replace the unused local variable ""stderr"" with ""_"".",5min,5min,humbedooh@apache.org,['unused'],2023-07-10T11:26:04,2023-08-24T18:22:38,2023-08-24T18:22:38,CODE_SMELL,MAIN,False,[],[],CLEAR,INTENTIONAL,"[{'softwareQuality': 'MAINTAINABILITY', 'severity': 'LOW'}]",FIXED,False,
1,2367f809-1f88-4b8b-a738-d80e19090418,python:S3776,CRITICAL,apache-infrastructure-asfpy:asfpy/messaging.py,apache-infrastructure-asfpy,bed2f7a817da41a64ef4e69727016e4c,"{'startLine': 60, 'endLine': 60, 'startOffset': 4, 'endOffset': 8}","[{'locations': [{'component': 'apache-infrastructure-asfpy:asfpy/messaging.py', 'textRange': {'startLine': 82, 'endLine': 82, 'startOffset': 4, 'endOffset': 6}, 'msg': '+1', 'msgFormattings': []}]}, {'locations': [{'component': 'apache-infrastructure-asfpy:asfpy/messaging.py', 'textRange': {'startLine': 84, 'endLine': 84, 'startOffset': 4, 'endOffset': 8}, 'msg': '+1', 'msgFormattings': []}]}, {'locations': [{'component': 'apache-infrastructure-asfpy:asfpy/messaging.py', 'textRange': {'startLine': 88, 'endLine': 88, 'startOffset': 4, 'endOffset': 6}, 'msg': '+1', 'msgFormattings': []}]}, {'locations': [{'component': 'apache-infrastructure-asfpy:asfpy/messaging.py', 'textRange': {'startLine': 88, 'endLine': 88, 'startOffset': 17, 'endOffset': 19}, 'msg': '+1', 'msgFormattings': []}]}, {'locations': [{'component': 'apache-infrastructure-asfpy:asfpy/messaging.py', 'textRange': {'startLine': 95, 'endLine': 95, 'startOffset': 8, 'endOffset': 10}, 'msg': '+1', 'msgFormattings': []}]}, {'locations': [{'component': 'apache-infrastructure-asfpy:asfpy/messaging.py', 'textRange': {'startLine': 94, 'endLine': 94, 'startOffset': 26, 'endOffset': 29}, 'msg': '+1', 'msgFormattings': []}]}, {'locations': [{'component': 'apache-infrastructure-asfpy:asfpy/messaging.py', 'textRange': {'startLine': 95, 'endLine': 95, 'startOffset': 29, 'endOffset': 32}, 'msg': '+1', 'msgFormattings': []}]}, {'locations': [{'component': 'apache-infrastructure-asfpy:asfpy/messaging.py', 'textRange': {'startLine': 97, 'endLine': 97, 'startOffset': 30, 'endOffset': 32}, 'msg': '+1', 'msgFormattings': []}]}, {'locations': [{'component': 'apache-infrastructure-asfpy:asfpy/messaging.py', 'textRange': {'startLine': 99, 'endLine': 99, 'startOffset': 60, 'endOffset': 63}, 'msg': '+1', 'msgFormattings': []}]}, {'locations': [{'component': 'apache-infrastructure-asfpy:asfpy/messaging.py', 'textRange': {'startLine': 99, 'endLine': 99, 'startOffset': 33, 'endOffset': 35}, 'msg': '+1', 'msgFormattings': []}]}, {'locations': [{'component': 'apache-infrastructure-asfpy:asfpy/messaging.py', 'textRange': {'startLine': 103, 'endLine': 103, 'startOffset': 4, 'endOffset': 6}, 'msg': '+1', 'msgFormattings': []}]}, {'locations': [{'component': 'apache-infrastructure-asfpy:asfpy/messaging.py', 'textRange': {'startLine': 107, 'endLine': 107, 'startOffset': 4, 'endOffset': 8}, 'msg': '+1', 'msgFormattings': []}]}, {'locations': [{'component': 'apache-infrastructure-asfpy:asfpy/messaging.py', 'textRange': {'startLine': 115, 'endLine': 115, 'startOffset': 4, 'endOffset': 6}, 'msg': '+1', 'msgFormattings': []}]}, {'locations': [{'component': 'apache-infrastructure-asfpy:asfpy/messaging.py', 'textRange': {'startLine': 120, 'endLine': 120, 'startOffset': 27, 'endOffset': 29}, 'msg': '+1', 'msgFormattings': []}]}, {'locations': [{'component': 'apache-infrastructure-asfpy:asfpy/messaging.py', 'textRange': {'startLine': 121, 'endLine': 121, 'startOffset': 4, 'endOffset': 6}, 'msg': '+1', 'msgFormattings': []}]}, {'locations': [{'component': 'apache-infrastructure-asfpy:asfpy/messaging.py', 'textRange': {'startLine': 124, 'endLine': 124, 'startOffset': 4, 'endOffset': 6}, 'msg': '+1', 'msgFormattings': []}]}, {'locations': [{'component': 'apache-infrastructure-asfpy:asfpy/messaging.py', 'textRange': {'startLine': 126, 'endLine': 126, 'startOffset': 4, 'endOffset': 8}, 'msg': '+1', 'msgFormattings': []}]}, {'locations': [{'component': 'apache-infrastructure-asfpy:asfpy/messaging.py', 'textRange': {'startLine': 132, 'endLine': 132, 'startOffset': 4, 'endOffset': 6}, 'msg': '+1', 'msgFormattings': []}]}, {'locations': [{'component': 'apache-infrastructure-asfpy:asfpy/messaging.py', 'textRange': {'startLine': 134, 'endLine': 134, 'startOffset': 4, 'endOffset': 6}, 'msg': '+1', 'msgFormattings': []}]}, {'locations': [{'component': 'apache-infrastructure-asfpy:asfpy/messaging.py', 'textRange': {'startLine': 136, 'endLine': 136, 'startOffset': 4, 'endOffset': 7}, 'msg': '+1', 'msgFormattings': []}]}, {'locations': [{'component': 'apache-infrastructure-asfpy:asfpy/messaging.py', 'textRange': {'startLine': 137, 'endLine': 137, 'startOffset': 8, 'endOffset': 10}, 'msg': '+2 (incl 1 for nesting)', 'msgFormattings': []}]}, {'locations': [{'component': 'apache-infrastructure-asfpy:asfpy/messaging.py', 'textRange': {'startLine': 147, 'endLine': 147, 'startOffset': 4, 'endOffset': 6}, 'msg': '+1', 'msgFormattings': []}]}, {'locations': [{'component': 'apache-infrastructure-asfpy:asfpy/messaging.py', 'textRange': {'startLine': 148, 'endLine': 148, 'startOffset': 8, 'endOffset': 11}, 'msg': '+2 (incl 1 for nesting)', 'msgFormattings': []}]}, {'locations': [{'component': 'apache-infrastructure-asfpy:asfpy/messaging.py', 'textRange': {'startLine': 151, 'endLine': 151, 'startOffset': 12, 'endOffset': 18}, 'msg': '+3 (incl 2 for nesting)', 'msgFormattings': []}]}, {'locations': [{'component': 'apache-infrastructure-asfpy:asfpy/messaging.py', 'textRange': {'startLine': 169, 'endLine': 169, 'startOffset': 4, 'endOffset': 6}, 'msg': '+1', 'msgFormattings': []}]}, {'locations': [{'component': 'apache-infrastructure-asfpy:asfpy/messaging.py', 'textRange': {'startLine': 171, 'endLine': 171, 'startOffset': 4, 'endOffset': 8}, 'msg': '+1', 'msgFormattings': []}]}, {'locations': [{'component': 'apache-infrastructure-asfpy:asfpy/messaging.py', 'textRange': {'startLine': 174, 'endLine': 174, 'startOffset': 4, 'endOffset': 6}, 'msg': '+1', 'msgFormattings': []}]}]",,OPEN,Refactor this function to reduce its Cognitive Complexity from 31 to the 15 allowed.,21min,21min,gstein@gmail.com,['brain-overload'],2022-10-03T12:02:36,2023-05-24T15:15:30,,CODE_SMELL,MAIN,False,[],[],FOCUSED,ADAPTABLE,"[{'softwareQuality': 'MAINTAINABILITY', 'severity': 'HIGH'}]",OPEN,False,60.0
2,6fbfb3e1-04d7-467e-833d-4aa7c6974733,python:S1481,MINOR,apache-infrastructure-asfpy:asfpy/crypto.py,apache-infrastructure-asfpy,24c05be75cf636674faee33587e14d93,"{'startLine': 78, 'endLine': 78, 'startOffset': 59, 'endOffset': 60}",[],FIXED,CLOSED,"Remove the unused local variable ""e"".",5min,5min,humbedooh@apache.org,['unused'],2024-09-18T16:48:42,2024-10-01T09:43:24,2024-10-01T09:43:24,CODE_SMELL,MAIN,False,[],[],CLEAR,INTENTIONAL,"[{'softwareQuality': 'MAINTAINABILITY', 'severity': 'LOW'}]",FIXED,False,
3,e8293b7e-b91d-43e8-a7c6-70ae045f41ec,python:S112,MAJOR,apache-infrastructure-asfpy:asfpy/db.py,apache-infrastructure-asfpy,30cfdb3293c0b416e91dbd4c8966bead,"{'startLine': 76, 'endLine': 76, 'startOffset': 26, 'endOffset': 57}",[],FIXED,CLOSED,Replace this generic exception class with a more specific one.,20min,20min,gstein@gmail.com,"['cwe', 'error-handling']",2024-06-19T05:05:21,2025-02-14T18:48:53,2025-02-14T18:48:53,CODE_SMELL,MAIN,False,[],[],COMPLETE,INTENTIONAL,"[{'softwareQuality': 'MAINTAINABILITY', 'severity': 'MEDIUM'}]",FIXED,False,
4,9f2ac60e-a88c-4216-92f2-1e747d2124be,python:S3776,CRITICAL,apache-infrastructure-asfpy:asfpy/ldapadmin.py,apache-infrastructure-asfpy,4dda75049dd7405cd4401c9196e30190,"{'startLine': 398, 'endLine': 398, 'startOffset': 8, 'endOffset': 20}","[{'locations': [{'component': 'apache-infrastructure-asfpy:asfpy/ldapadmin.py', 'textRange': {'startLine': 401, 'endLine': 401, 'startOffset': 8, 'endOffset': 10}, 'msg': '+1', 'msgFormattings': []}]}, {'locations': [{'component': 'apache-infrastructure-asfpy:asfpy/ldapadmin.py', 'textRange': {'startLine': 403, 'endLine': 403, 'startOffset': 8, 'endOffset': 10}, 'msg': '+1', 'msgFormattings': []}]}, {'locations': [{'component': 'apache-infrastructure-asfpy:asfpy/ldapadmin.py', 'textRange': {'startLine': 407, 'endLine': 407, 'startOffset': 8, 'endOffset': 10}, 'msg': '+1', 'msgFormattings': []}]}, {'locations': [{'component': 'apache-infrastructure-asfpy:asfpy/ldapadmin.py', 'textRange': {'startLine': 409, 'endLine': 409, 'startOffset': 8, 'endOffset': 10}, 'msg': '+1', 'msgFormattings': []}]}, {'locations': [{'component': 'apache-infrastructure-asfpy:asfpy/ldapadmin.py', 'textRange': {'startLine': 421, 'endLine': 421, 'startOffset': 8, 'endOffset': 11}, 'msg': '+1', 'msgFormattings': []}]}, {'locations': [{'component': 'apache-infrastructure-asfpy:asfpy/ldapadmin.py', 'textRange': {'startLine': 423, 'endLine': 423, 'startOffset': 12, 'endOffset': 15}, 'msg': '+2 (incl 1 for nesting)', 'msgFormattings': []}]}, {'locations': [{'component': 'apache-infrastructure-asfpy:asfpy/ldapadmin.py', 'textRange': {'startLine': 426, 'endLine': 426, 'startOffset': 16, 'endOffset': 18}, 'msg': '+3 (incl 2 for nesting)', 'msgFormattings': []}]}, {'locations': [{'component': 'apache-infrastructure-asfpy:asfpy/ldapadmin.py', 'textRange': {'startLine': 432, 'endLine': 432, 'startOffset': 8, 'endOffset': 11}, 'msg': '+1', 'msgFormattings': []}]}, {'locations': [{'component': 'apache-infrastructure-asfpy:asfpy/ldapadmin.py', 'textRange': {'startLine': 434, 'endLine': 434, 'startOffset': 12, 'endOffset': 15}, 'msg': '+2 (incl 1 for nesting)', 'msgFormattings': []}]}, {'locations': [{'component': 'apache-infrastructure-asfpy:asfpy/ldapadmin.py', 'textRange': {'startLine': 437, 'endLine': 437, 'startOffset': 16, 'endOffset': 18}, 'msg': '+3 (incl 2 for nesting)', 'msgFormattings': []}]}]",,OPEN,Refactor this function to reduce its Cognitive Complexity from 16 to the 15 allowed.,6min,6min,humbedooh@apache.org,['brain-overload'],2023-07-07T16:58:56,2023-07-10T11:26:04,,CODE_SMELL,MAIN,False,[],[],FOCUSED,ADAPTABLE,"[{'softwareQuality': 'MAINTAINABILITY', 'severity': 'HIGH'}]",OPEN,False,398.0
5,671d6599-0317-480e-8855-d7f7ffcfb1a5,python:S101,MINOR,apache-infrastructure-asfpy:asfpy/aioldap.py,apache-infrastructure-asfpy,ef85e15896f45caeefd623bee6aa38cd,"{'startLine': 39, 'endLine': 39, 'startOffset': 6, 'endOffset': 24}",[],,OPEN,"Rename class ""ASF_LDAPConnection"" to match the regular expression ^_?([A-Z_][a-zA-Z0-9]*|[a-z_][a-z0-9_]*)$.",5min,5min,gstein@gmail.com,['convention'],2022-09-05T10:32:46,2022-09-05T11:32:46,,CODE_SMELL,MAIN,False,[],[],IDENTIFIABLE,CONSISTENT,"[{'softwareQuality': 'MAINTAINABILITY', 'severity': 'LOW'}]",OPEN,False,39.0
6,a41f0c01-bd57-4dd6-a8de-7669bc7410ea,python:S101,MINOR,apache-infrastructure-asfpy:asfpy/aioldap.py,apache-infrastructure-asfpy,5acd866cd79c3bd88582dccd834ce72a,"{'startLine': 108, 'endLine': 108, 'startOffset': 6, 'endOffset': 20}",[],,OPEN,"Rename class ""ASF_LDAPClient"" to match the regular expression ^_?([A-Z_][a-zA-Z0-9]*|[a-z_][a-z0-9_]*)$.",5min,5min,gstein@gmail.com,['convention'],2022-09-05T10:32:46,2022-09-05T11:32:46,,CODE_SMELL,MAIN,False,[],[],IDENTIFIABLE,CONSISTENT,"[{'softwareQuality': 'MAINTAINABILITY', 'severity': 'LOW'}]",OPEN,False,108.0
7,1546e4a9-2fca-41b5-947a-d5decf7e618c,python:S1135,INFO,apache-infrastructure-asfpy:asfpy/aioldap.py,apache-infrastructure-asfpy,4e8bfc05f3912d5dacfdb9be96d834c8,"{'startLine': 115, 'endLine': 115, 'startOffset': 46, 'endOffset': 70}",[],,OPEN,"Complete the task associated to this ""TODO"" comment.",0min,0min,gstein@gmail.com,['cwe'],2022-09-05T10:32:46,2022-09-05T11:32:46,,CODE_SMELL,MAIN,False,[],[],COMPLETE,INTENTIONAL,"[{'softwareQuality': 'MAINTAINABILITY', 'severity': 'LOW'}]",OPEN,False,115.0
8,08d1df08-c0bb-4b78-af7a-38fa7817d2a0,python:S3457,MAJOR,apache-infrastructure-asfpy:asfpy/pubsub.py,apache-infrastructure-asfpy,dd577218f5987cf50520dfc532021f5f,"{'startLine': 116, 'endLine': 116, 'startOffset': 49, 'endOffset': 92}",[],FIXED,CLOSED,Add replacement fields or use a normal string instead of an f-string.,1min,1min,gstein@gmail.com,['confusing'],2022-08-04T03:26:31,2023-03-23T17:47:53,2023-03-23T17:47:53,CODE_SMELL,MAIN,False,[],[],LOGICAL,INTENTIONAL,"[{'softwareQuality': 'MAINTAINABILITY', 'severity': 'MEDIUM'}]",FIXED,False,
9,34ac0c7f-ffd8-41ca-91a2-798832469b54,python:S3626,MINOR,apache-infrastructure-asfpy:asfpy/justone.py,apache-infrastructure-asfpy,e70c4df10ef0983b9c8c31bd06b2a2c3,"{'startLine': 130, 'endLine': 130, 'startOffset': 4, 'endOffset': 10}",[],,OPEN,Remove this redundant return.,1min,1min,humbedooh@apache.org,"['redundant', 'clumsy']",2022-07-30T13:47:25,2022-08-04T04:26:31,,CODE_SMELL,MAIN,False,[],[],CLEAR,INTENTIONAL,"[{'softwareQuality': 'MAINTAINABILITY', 'severity': 'LOW'}]",OPEN,False,130.0
10,0e0387b0-0137-4380-bd53-6e317ac4e311,python:S101,MINOR,apache-infrastructure-asfpy:asfpy/ldap.py,apache-infrastructure-asfpy,b9483e04d0aa323cdde21fc73f07f5db,"{'startLine': 418, 'endLine': 418, 'startOffset': 6, 'endOffset': 21}",[],FIXED,CLOSED,"Rename class ""LDIFWriter_Sane"" to match the regular expression ^_?([A-Z_][a-zA-Z0-9]*|[a-z_][a-z0-9_]*)$.",5min,5min,humbedooh@apache.org,['convention'],2022-07-30T13:47:25,2023-07-10T11:26:04,2023-07-10T11:26:04,CODE_SMELL,MAIN,False,[],[],IDENTIFIABLE,CONSISTENT,"[{'softwareQuality': 'MAINTAINABILITY', 'severity': 'LOW'}]",FIXED,False,
11,4ce4b8c7-a4ac-432b-96e7-729aedac10c4,python:S3776,CRITICAL,apache-infrastructure-asfpy:asfpy/ldap.py,apache-infrastructure-asfpy,c4e3d88ea585dc3278b16a37c7f95f42,"{'startLine': 82, 'endLine': 82, 'startOffset': 4, 'endOffset': 13}","[{'locations': [{'component': 'apache-infrastructure-asfpy:asfpy/ldap.py', 'textRange': {'startLine': 84, 'endLine': 84, 'startOffset': 4, 'endOffset': 7}, 'msg': '+1', 'msgFormattings': []}]}, {'locations': [{'component': 'apache-infrastructure-asfpy:asfpy/ldap.py', 'textRange': {'startLine': 86, 'endLine': 86, 'startOffset': 8, 'endOffset': 10}, 'msg': '+2 (incl 1 for nesting)', 'msgFormattings': []}]}, {'locations': [{'component': 'apache-infrastructure-asfpy:asfpy/ldap.py', 'textRange': {'startLine': 86, 'endLine': 86, 'startOffset': 27, 'endOffset': 30}, 'msg': '+1', 'msgFormattings': []}]}, {'locations': [{'component': 'apache-infrastructure-asfpy:asfpy/ldap.py', 'textRange': {'startLine': 89, 'endLine': 89, 'startOffset': 8, 'endOffset': 10}, 'msg': '+2 (incl 1 for nesting)', 'msgFormattings': []}]}, {'locations': [{'component': 'apache-infrastructure-asfpy:asfpy/ldap.py', 'textRange': {'startLine': 91, 'endLine': 91, 'startOffset': 12, 'endOffset': 15}, 'msg': '+3 (incl 2 for nesting)', 'msgFormattings': []}]}, {'locations': [{'component': 'apache-infrastructure-asfpy:asfpy/ldap.py', 'textRange': {'startLine': 92, 'endLine': 92, 'startOffset': 16, 'endOffset': 18}, 'msg': '+4 (incl 3 for nesting)', 'msgFormattings': []}]}, {'locations': [{'component': 'apache-infrastructure-asfpy:asfpy/ldap.py', 'textRange': {'startLine': 95, 'endLine': 95, 'startOffset': 8, 'endOffset': 12}, 'msg': '+1', 'msgFormattings': []}]}, {'locations': [{'component': 'apache-infrastructure-asfpy:asfpy/ldap.py', 'textRange': {'startLine': 96, 'endLine': 96, 'startOffset': 12, 'endOffset': 14}, 'msg': '+3 (incl 2 for nesting)', 'msgFormattings': []}]}]",FIXED,CLOSED,Refactor this function to reduce its Cognitive Complexity from 17 to the 15 allowed.,7min,7min,humbedooh@apache.org,['brain-overload'],2022-07-30T13:47:25,2023-07-10T11:26:04,2023-07-10T11:26:04,CODE_SMELL,MAIN,False,[],[],FOCUSED,ADAPTABLE,"[{'softwareQuality': 'MAINTAINABILITY', 'severity': 'HIGH'}]",FIXED,False,
12,4fb076cb-a072-4af9-affd-59a066cf7cc4,python:S117,MINOR,apache-infrastructure-asfpy:asfpy/ldap.py,apache-infrastructure-asfpy,dce2ed8ab21ab356a7372fe9eeea9e0a,"{'startLine': 349, 'endLine': 349, 'startOffset': 8, 'endOffset': 17}",[],FIXED,CLOSED,"Rename this parameter ""forcePass"" to match the regular expression ^[_a-z][a-z0-9_]*$.",2min,2min,humbedooh@apache.org,['convention'],2022-07-30T13:47:25,2023-07-10T11:26:04,2023-07-10T11:26:04,CODE_SMELL,MAIN,False,[],[],IDENTIFIABLE,CONSISTENT,"[{'softwareQuality': 'MAINTAINABILITY', 'severity': 'LOW'}]",FIXED,False,
13,59fa3fe1-fb05-4b9c-8d6a-941ebe33fb77,python:S117,MINOR,apache-infrastructure-asfpy:asfpy/ldap.py,apache-infrastructure-asfpy,cf68f291a2c5484aedce51340b0c2175,"{'startLine': 376, 'endLine': 376, 'startOffset': 8, 'endOffset': 15}",[],FIXED,CLOSED,"Rename this local variable ""surName"" to match the regular expression ^[_a-z][a-z0-9_]*$.",2min,2min,humbedooh@apache.org,['convention'],2022-07-30T13:47:25,2023-07-10T11:26:04,2023-07-10T11:26:04,CODE_SMELL,MAIN,False,[],[],IDENTIFIABLE,CONSISTENT,"[{'softwareQuality': 'MAINTAINABILITY', 'severity': 'LOW'}]",FIXED,False,
14,bc6a237b-6ece-438c-a054-7e3d0e15f2fb,python:S1481,MINOR,apache-infrastructure-asfpy:asfpy/ldap.py,apache-infrastructure-asfpy,bc908a9997d95a2d12a109b9a3c9d422,"{'startLine': 386, 'endLine': 386, 'startOffset': 83, 'endOffset': 84}",[],FIXED,CLOSED,"Replace the unused loop index ""i"" with ""_"".",5min,5min,humbedooh@apache.org,['unused'],2022-07-30T13:47:25,2023-07-10T11:26:04,2023-07-10T11:26:04,CODE_SMELL,MAIN,False,[],[],CLEAR,INTENTIONAL,"[{'softwareQuality': 'MAINTAINABILITY', 'severity': 'LOW'}]",FIXED,False,
15,c0216f0a-9f91-4ab3-8504-c4811002b2de,python:S116,MINOR,apache-infrastructure-asfpy:asfpy/ldap.py,apache-infrastructure-asfpy,19eb1595bd07fc241c857ce8e04e6d0e,"{'startLine': 294, 'endLine': 294, 'startOffset': 17, 'endOffset': 24}",[],FIXED,CLOSED,"Rename this field ""isAdmin"" to match the regular expression ^[_a-z][_a-z0-9]*$.",2min,2min,humbedooh@apache.org,['convention'],2022-07-30T13:47:25,2023-07-10T11:26:04,2023-07-10T11:26:04,CODE_SMELL,MAIN,False,[],[],IDENTIFIABLE,CONSISTENT,"[{'softwareQuality': 'MAINTAINABILITY', 'severity': 'LOW'}]",FIXED,False,
16,c25a6e7e-876d-49c5-99c0-b9218294cf65,python:S3776,CRITICAL,apache-infrastructure-asfpy:asfpy/ldap.py,apache-infrastructure-asfpy,b65a68b1e158a5bf7a643f8a3a3d4b4f,"{'startLine': 166, 'endLine': 166, 'startOffset': 8, 'endOffset': 14}","[{'locations': [{'component': 'apache-infrastructure-asfpy:asfpy/ldap.py', 'textRange': {'startLine': 169, 'endLine': 169, 'startOffset': 8, 'endOffset': 10}, 'msg': '+1', 'msgFormattings': []}]}, {'locations': [{'component': 'apache-infrastructure-asfpy:asfpy/ldap.py', 'textRange': {'startLine': 171, 'endLine': 171, 'startOffset': 8, 'endOffset': 12}, 'msg': '+1', 'msgFormattings': []}]}, {'locations': [{'component': 'apache-infrastructure-asfpy:asfpy/ldap.py', 'textRange': {'startLine': 174, 'endLine': 174, 'startOffset': 8, 'endOffset': 10}, 'msg': '+1', 'msgFormattings': []}]}, {'locations': [{'component': 'apache-infrastructure-asfpy:asfpy/ldap.py', 'textRange': {'startLine': 178, 'endLine': 178, 'startOffset': 8, 'endOffset': 10}, 'msg': '+1', 'msgFormattings': []}]}, {'locations': [{'component': 'apache-infrastructure-asfpy:asfpy/ldap.py', 'textRange': {'startLine': 183, 'endLine': 183, 'startOffset': 8, 'endOffset': 10}, 'msg': '+1', 'msgFormattings': []}]}, {'locations': [{'component': 'apache-infrastructure-asfpy:asfpy/ldap.py', 'textRange': {'startLine': 219, 'endLine': 219, 'startOffset': 8, 'endOffset': 11}, 'msg': '+1', 'msgFormattings': []}]}, {'locations': [{'component': 'apache-infrastructure-asfpy:asfpy/ldap.py', 'textRange': {'startLine': 221, 'endLine': 221, 'startOffset': 12, 'endOffset': 15}, 'msg': '+2 (incl 1 for nesting)', 'msgFormattings': []}]}, {'locations': [{'component': 'apache-infrastructure-asfpy:asfpy/ldap.py', 'textRange': {'startLine': 224, 'endLine': 224, 'startOffset': 16, 'endOffset': 18}, 'msg': '+3 (incl 2 for nesting)', 'msgFormattings': []}]}, {'locations': [{'component': 'apache-infrastructure-asfpy:asfpy/ldap.py', 'textRange': {'startLine': 231, 'endLine': 231, 'startOffset': 8, 'endOffset': 11}, 'msg': '+1', 'msgFormattings': []}]}, {'locations': [{'component': 'apache-infrastructure-asfpy:asfpy/ldap.py', 'textRange': {'startLine': 233, 'endLine': 233, 'startOffset': 12, 'endOffset': 15}, 'msg': '+2 (incl 1 for nesting)', 'msgFormattings': []}]}, {'locations': [{'component': 'apache-infrastructure-asfpy:asfpy/ldap.py', 'textRange': {'startLine': 236, 'endLine': 236, 'startOffset': 16, 'endOffset': 18}, 'msg': '+3 (incl 2 for nesting)', 'msgFormattings': []}]}]",FIXED,CLOSED,Refactor this function to reduce its Cognitive Complexity from 17 to the 15 allowed.,7min,7min,humbedooh@apache.org,['brain-overload'],2022-07-30T13:47:25,2023-07-10T11:26:04,2023-07-10T11:26:04,CODE_SMELL,MAIN,False,[],[],FOCUSED,ADAPTABLE,"[{'softwareQuality': 'MAINTAINABILITY', 'severity': 'HIGH'}]",FIXED,False,
17,c90fe552-5228-47c8-90a8-c35712440c16,python:S117,MINOR,apache-infrastructure-asfpy:asfpy/ldap.py,apache-infrastructure-asfpy,04ee61cafcae362a1c2fb27410fed8ff,"{'startLine': 375, 'endLine': 375, 'startOffset': 8, 'endOffset': 17}",[],FIXED,CLOSED,"Rename this local variable ""givenName"" to match the regular expression ^[_a-z][a-z0-9_]*$.",2min,2min,humbedooh@apache.org,['convention'],2022-07-30T13:47:25,2023-07-10T11:26:04,2023-07-10T11:26:04,CODE_SMELL,MAIN,False,[],[],IDENTIFIABLE,CONSISTENT,"[{'softwareQuality': 'MAINTAINABILITY', 'severity': 'LOW'}]",FIXED,False,
18,edd7bb14-9e20-467d-aef0-aac619fae38c,python:S117,MINOR,apache-infrastructure-asfpy:asfpy/ldap.py,apache-infrastructure-asfpy,702241c7d1e3bb34861793ebc445b5bd,"{'startLine': 350, 'endLine': 350, 'startOffset': 8, 'endOffset': 18}",[],FIXED,CLOSED,"Rename this parameter ""requireTwo"" to match the regular expression ^[_a-z][a-z0-9_]*$.",2min,2min,humbedooh@apache.org,['convention'],2022-07-30T13:47:25,2023-07-10T11:26:04,2023-07-10T11:26:04,CODE_SMELL,MAIN,False,[],[],IDENTIFIABLE,CONSISTENT,"[{'softwareQuality': 'MAINTAINABILITY', 'severity': 'LOW'}]",FIXED,False,
19,658aa44c-962e-45ff-b5eb-78570d03f22b,python:S3776,CRITICAL,apache-infrastructure-asfpy:asfpy/ldapadmin.py,apache-infrastructure-asfpy,c4e3d88ea585dc3278b16a37c7f95f42,"{'startLine': 82, 'endLine': 82, 'startOffset': 4, 'endOffset': 13}","[{'locations': [{'component': 'apache-infrastructure-asfpy:asfpy/ldapadmin.py', 'textRange': {'startLine': 84, 'endLine': 84, 'startOffset': 4, 'endOffset': 7}, 'msg': '+1', 'msgFormattings': []}]}, {'locations': [{'component': 'apache-infrastructure-asfpy:asfpy/ldapadmin.py', 'textRange': {'startLine': 86, 'endLine': 86, 'startOffset': 8, 'endOffset': 10}, 'msg': '+2 (incl 1 for nesting)', 'msgFormattings': []}]}, {'locations': [{'component': 'apache-infrastructure-asfpy:asfpy/ldapadmin.py', 'textRange': {'startLine': 86, 'endLine': 86, 'startOffset': 27, 'endOffset': 30}, 'msg': '+1', 'msgFormattings': []}]}, {'locations': [{'component': 'apache-infrastructure-asfpy:asfpy/ldapadmin.py', 'textRange': {'startLine': 89, 'endLine': 89, 'startOffset': 8, 'endOffset': 10}, 'msg': '+2 (incl 1 for nesting)', 'msgFormattings': []}]}, {'locations': [{'component': 'apache-infrastructure-asfpy:asfpy/ldapadmin.py', 'textRange': {'startLine': 91, 'endLine': 91, 'startOffset': 12, 'endOffset': 15}, 'msg': '+3 (incl 2 for nesting)', 'msgFormattings': []}]}, {'locations': [{'component': 'apache-infrastructure-asfpy:asfpy/ldapadmin.py', 'textRange': {'startLine': 92, 'endLine': 92, 'startOffset': 16, 'endOffset': 18}, 'msg': '+4 (incl 3 for nesting)', 'msgFormattings': []}]}, {'locations': [{'component': 'apache-infrastructure-asfpy:asfpy/ldapadmin.py', 'textRange': {'startLine': 95, 'endLine': 95, 'startOffset': 8, 'endOffset': 12}, 'msg': '+1', 'msgFormattings': []}]}, {'locations': [{'component': 'apache-infrastructure-asfpy:asfpy/ldapadmin.py', 'textRange': {'startLine': 96, 'endLine': 96, 'startOffset': 12, 'endOffset': 14}, 'msg': '+3 (incl 2 for nesting)', 'msgFormattings': []}]}]",,OPEN,Refactor this function to reduce its Cognitive Complexity from 17 to the 15 allowed.,7min,7min,humbedooh@apache.org,['brain-overload'],2022-07-30T13:47:25,2023-07-10T11:26:04,,CODE_SMELL,MAIN,False,[],[],FOCUSED,ADAPTABLE,"[{'softwareQuality': 'MAINTAINABILITY', 'severity': 'HIGH'}]",OPEN,False,82.0
20,001ae771-b7ec-4385-83fb-4f5bf6e19488,python:S116,MINOR,apache-infrastructure-asfpy:asfpy/ldapadmin.py,apache-infrastructure-asfpy,19eb1595bd07fc241c857ce8e04e6d0e,"{'startLine': 261, 'endLine': 261, 'startOffset': 17, 'endOffset': 24}",[],,OPEN,"Rename this field ""isAdmin"" to match the regular expression ^[_a-z][_a-z0-9]*$.",2min,2min,humbedooh@apache.org,['convention'],2022-07-30T13:47:25,2023-07-10T11:26:04,,CODE_SMELL,MAIN,False,[],[],IDENTIFIABLE,CONSISTENT,"[{'softwareQuality': 'MAINTAINABILITY', 'severity': 'LOW'}]",OPEN,False,261.0
21,57fc62a0-544a-45f3-bcbe-e95e067abeb7,python:S117,MINOR,apache-infrastructure-asfpy:asfpy/ldapadmin.py,apache-infrastructure-asfpy,dce2ed8ab21ab356a7372fe9eeea9e0a,"{'startLine': 318, 'endLine': 318, 'startOffset': 8, 'endOffset': 17}",[],,OPEN,"Rename this parameter ""forcePass"" to match the regular expression ^[_a-z][a-z0-9_]*$.",2min,2min,humbedooh@apache.org,['convention'],2022-07-30T13:47:25,2023-07-10T11:26:04,,CODE_SMELL,MAIN,False,[],[],IDENTIFIABLE,CONSISTENT,"[{'softwareQuality': 'MAINTAINABILITY', 'severity': 'LOW'}]",OPEN,False,318.0
22,94bb03d4-d97f-424b-aadc-0fac1afa666f,python:S117,MINOR,apache-infrastructure-asfpy:asfpy/ldapadmin.py,apache-infrastructure-asfpy,702241c7d1e3bb34861793ebc445b5bd,"{'startLine': 319, 'endLine': 319, 'startOffset': 8, 'endOffset': 18}",[],,OPEN,"Rename this parameter ""requireTwo"" to match the regular expression ^[_a-z][a-z0-9_]*$.",2min,2min,humbedooh@apache.org,['convention'],2022-07-30T13:47:25,2023-07-10T11:26:04,,CODE_SMELL,MAIN,False,[],[],IDENTIFIABLE,CONSISTENT,"[{'softwareQuality': 'MAINTAINABILITY', 'severity': 'LOW'}]",OPEN,False,319.0
23,87c44a61-2a62-40d8-8924-7fd06bac5dc6,python:S117,MINOR,apache-infrastructure-asfpy:asfpy/ldapadmin.py,apache-infrastructure-asfpy,04ee61cafcae362a1c2fb27410fed8ff,"{'startLine': 352, 'endLine': 352, 'startOffset': 8, 'endOffset': 17}",[],,OPEN,"Rename this local variable ""givenName"" to match the regular expression ^[_a-z][a-z0-9_]*$.",2min,2min,humbedooh@apache.org,['convention'],2022-07-30T13:47:25,2023-07-10T11:26:04,,CODE_SMELL,MAIN,False,[],[],IDENTIFIABLE,CONSISTENT,"[{'softwareQuality': 'MAINTAINABILITY', 'severity': 'LOW'}]",OPEN,False,352.0
24,7a6c1422-ea40-4f9d-a943-5a8eec653785,python:S117,MINOR,apache-infrastructure-asfpy:asfpy/ldapadmin.py,apache-infrastructure-asfpy,cf68f291a2c5484aedce51340b0c2175,"{'startLine': 353, 'endLine': 353, 'startOffset': 8, 'endOffset': 15}",[],,OPEN,"Rename this local variable ""surName"" to match the regular expression ^[_a-z][a-z0-9_]*$.",2min,2min,humbedooh@apache.org,['convention'],2022-07-30T13:47:25,2023-07-10T11:26:04,,CODE_SMELL,MAIN,False,[],[],IDENTIFIABLE,CONSISTENT,"[{'softwareQuality': 'MAINTAINABILITY', 'severity': 'LOW'}]",OPEN,False,353.0
25,de87de24-7bad-4d79-818b-90e1d457dbc4,python:S1481,MINOR,apache-infrastructure-asfpy:asfpy/ldapadmin.py,apache-infrastructure-asfpy,bc908a9997d95a2d12a109b9a3c9d422,"{'startLine': 363, 'endLine': 363, 'startOffset': 83, 'endOffset': 84}",[],,OPEN,"Replace the unused loop index ""i"" with ""_"".",5min,5min,humbedooh@apache.org,['unused'],2022-07-30T13:47:25,2023-07-10T11:26:04,,CODE_SMELL,MAIN,False,[],[],CLEAR,INTENTIONAL,"[{'softwareQuality': 'MAINTAINABILITY', 'severity': 'LOW'}]",OPEN,False,363.0
26,24443552-41dc-4d8f-9240-cbc911233f61,python:S112,MAJOR,apache-infrastructure-asfpy:asfpy/messaging.py,apache-infrastructure-asfpy,16173039212f2883023a1bb3a553a706,"{'startLine': 93, 'endLine': 93, 'startOffset': 14, 'endOffset': 52}",[],FIXED,CLOSED,Replace this generic exception class with a more specific one.,20min,20min,humbedooh@apache.org,"['cwe', 'error-handling']",2022-07-30T13:47:25,2022-10-03T12:02:36,2022-10-03T12:02:36,CODE_SMELL,MAIN,False,[],[],COMPLETE,INTENTIONAL,"[{'softwareQuality': 'MAINTAINABILITY', 'severity': 'MEDIUM'}]",FIXED,False,
27,f032ad1e-fa37-4e92-a74b-d3763f41ada4,python:S112,MAJOR,apache-infrastructure-asfpy:asfpy/messaging.py,apache-infrastructure-asfpy,133fd010c132c3221483ed066b7317a5,"{'startLine': 113, 'endLine': 113, 'startOffset': 14, 'endOffset': 73}",[],FIXED,CLOSED,Replace this generic exception class with a more specific one.,20min,20min,humbedooh@apache.org,"['cwe', 'error-handling']",2022-07-30T13:47:25,2023-03-23T17:47:53,2023-03-23T17:47:53,CODE_SMELL,MAIN,False,[],[],COMPLETE,INTENTIONAL,"[{'softwareQuality': 'MAINTAINABILITY', 'severity': 'MEDIUM'}]",FIXED,False,
28,5314acba-049e-4fb3-a89d-17de00cc5d19,python:S3776,CRITICAL,apache-infrastructure-asfpy:asfpy/pubsub.py,apache-infrastructure-asfpy,beec704208f415a73686495a33892c5a,"{'startLine': 184, 'endLine': 184, 'startOffset': 4, 'endOffset': 18}","[{'locations': [{'component': 'apache-infrastructure-asfpy:asfpy/pubsub.py', 'textRange': {'startLine': 191, 'endLine': 191, 'startOffset': 4, 'endOffset': 9}, 'msg': '+1', 'msgFormattings': []}]}, {'locations': [{'component': 'apache-infrastructure-asfpy:asfpy/pubsub.py', 'textRange': {'startLine': 192, 'endLine': 192, 'startOffset': 8, 'endOffset': 10}, 'msg': '+2 (incl 1 for nesting)', 'msgFormattings': []}]}, {'locations': [{'component': 'apache-infrastructure-asfpy:asfpy/pubsub.py', 'textRange': {'startLine': 195, 'endLine': 195, 'startOffset': 8, 'endOffset': 13}, 'msg': '+2 (incl 1 for nesting)', 'msgFormattings': []}]}, {'locations': [{'component': 'apache-infrastructure-asfpy:asfpy/pubsub.py', 'textRange': {'startLine': 200, 'endLine': 200, 'startOffset': 16, 'endOffset': 18}, 'msg': '+3 (incl 2 for nesting)', 'msgFormattings': []}]}, {'locations': [{'component': 'apache-infrastructure-asfpy:asfpy/pubsub.py', 'textRange': {'startLine': 203, 'endLine': 203, 'startOffset': 16, 'endOffset': 18}, 'msg': '+3 (incl 2 for nesting)', 'msgFormattings': []}]}, {'locations': [{'component': 'apache-infrastructure-asfpy:asfpy/pubsub.py', 'textRange': {'startLine': 205, 'endLine': 205, 'startOffset': 12, 'endOffset': 18}, 'msg': '+3 (incl 2 for nesting)', 'msgFormattings': []}]}, {'locations': [{'component': 'apache-infrastructure-asfpy:asfpy/pubsub.py', 'textRange': {'startLine': 209, 'endLine': 209, 'startOffset': 12, 'endOffset': 14}, 'msg': '+3 (incl 2 for nesting)', 'msgFormattings': []}]}, {'locations': [{'component': 'apache-infrastructure-asfpy:asfpy/pubsub.py', 'textRange': {'startLine': 210, 'endLine': 210, 'startOffset': 16, 'endOffset': 18}, 'msg': '+4 (incl 3 for nesting)', 'msgFormattings': []}]}, {'locations': [{'component': 'apache-infrastructure-asfpy:asfpy/pubsub.py', 'textRange': {'startLine': 215, 'endLine': 215, 'startOffset': 12, 'endOffset': 15}, 'msg': '+2 (incl 1 for nesting)', 'msgFormattings': []}]}, {'locations': [{'component': 'apache-infrastructure-asfpy:asfpy/pubsub.py', 'textRange': {'startLine': 218, 'endLine': 218, 'startOffset': 16, 'endOffset': 18}, 'msg': '+3 (incl 2 for nesting)', 'msgFormattings': []}]}, {'locations': [{'component': 'apache-infrastructure-asfpy:asfpy/pubsub.py', 'textRange': {'startLine': 221, 'endLine': 221, 'startOffset': 20, 'endOffset': 26}, 'msg': '+4 (incl 3 for nesting)', 'msgFormattings': []}]}, {'locations': [{'component': 'apache-infrastructure-asfpy:asfpy/pubsub.py', 'textRange': {'startLine': 222, 'endLine': 222, 'startOffset': 24, 'endOffset': 26}, 'msg': '+5 (incl 4 for nesting)', 'msgFormattings': []}]}, {'locations': [{'component': 'apache-infrastructure-asfpy:asfpy/pubsub.py', 'textRange': {'startLine': 226, 'endLine': 226, 'startOffset': 20, 'endOffset': 22}, 'msg': '+4 (incl 3 for nesting)', 'msgFormattings': []}]}, {'locations': [{'component': 'apache-infrastructure-asfpy:asfpy/pubsub.py', 'textRange': {'startLine': 226, 'endLine': 226, 'startOffset': 31, 'endOffset': 34}, 'msg': '+1', 'msgFormattings': []}]}, {'locations': [{'component': 'apache-infrastructure-asfpy:asfpy/pubsub.py', 'textRange': {'startLine': 228, 'endLine': 228, 'startOffset': 20, 'endOffset': 22}, 'msg': '+4 (incl 3 for nesting)', 'msgFormattings': []}]}, {'locations': [{'component': 'apache-infrastructure-asfpy:asfpy/pubsub.py', 'textRange': {'startLine': 235, 'endLine': 235, 'startOffset': 8, 'endOffset': 14}, 'msg': '+2 (incl 1 for nesting)', 'msgFormattings': []}]}, {'locations': [{'component': 'apache-infrastructure-asfpy:asfpy/pubsub.py', 'textRange': {'startLine': 236, 'endLine': 236, 'startOffset': 12, 'endOffset': 14}, 'msg': '+3 (incl 2 for nesting)', 'msgFormattings': []}]}, {'locations': [{'component': 'apache-infrastructure-asfpy:asfpy/pubsub.py', 'textRange': {'startLine': 239, 'endLine': 239, 'startOffset': 8, 'endOffset': 10}, 'msg': '+2 (incl 1 for nesting)', 'msgFormattings': []}]}]",,OPEN,Refactor this function to reduce its Cognitive Complexity from 51 to the 15 allowed.,41min,41min,humbedooh@apache.org,['brain-overload'],2022-07-30T13:47:25,2022-08-04T04:26:31,,CODE_SMELL,MAIN,False,[],[],FOCUSED,ADAPTABLE,"[{'softwareQuality': 'MAINTAINABILITY', 'severity': 'HIGH'}]",OPEN,False,184.0
29,508e896b-a164-4740-833b-d157cab8f013,python:S1066,MAJOR,apache-infrastructure-asfpy:asfpy/pubsub.py,apache-infrastructure-asfpy,0ed534d769e4b14dc1116d6d25bf724c,"{'startLine': 210, 'endLine': 210, 'startOffset': 16, 'endOffset': 18}","[{'locations': [{'component': 'apache-infrastructure-asfpy:asfpy/pubsub.py', 'textRange': {'startLine': 209, 'endLine': 209, 'startOffset': 12, 'endOffset': 14}, 'msg': 'enclosing', 'msgFormattings': []}]}]",,OPEN,Merge this if statement with the enclosing one.,5min,5min,humbedooh@apache.org,['clumsy'],2022-07-30T13:47:25,2022-08-04T04:26:31,,CODE_SMELL,MAIN,False,[],[],CLEAR,INTENTIONAL,"[{'softwareQuality': 'MAINTAINABILITY', 'severity': 'MEDIUM'}]",OPEN,False,210.0
30,19d79c01-7cf4-43df-84bf-a98eddfc42e1,python:S1192,CRITICAL,apache-infrastructure-asfpy:asfpy/sqlite.py,apache-infrastructure-asfpy,a0538c583edd74864e787cf9e8ae7027,"{'startLine': 67, 'endLine': 67, 'startOffset': 30, 'endOffset': 40}","[{'locations': [{'component': 'apache-infrastructure-asfpy:asfpy/sqlite.py', 'textRange': {'startLine': 126, 'endLine': 126, 'startOffset': 32, 'endOffset': 42}, 'msg': 'Duplication', 'msgFormattings': []}]}, {'locations': [{'component': 'apache-infrastructure-asfpy:asfpy/sqlite.py', 'textRange': {'startLine': 150, 'endLine': 150, 'startOffset': 34, 'endOffset': 44}, 'msg': 'Duplication', 'msgFormattings': []}]}]",,OPEN,"Define a constant instead of duplicating this literal ""`%s` = ?"" 3 times.",6min,6min,humbedooh@apache.org,['design'],2022-07-30T13:47:25,2022-08-04T04:26:31,,CODE_SMELL,MAIN,False,[],[],DISTINCT,ADAPTABLE,"[{'softwareQuality': 'MAINTAINABILITY', 'severity': 'HIGH'}]",OPEN,False,67.0
